Strategy,Final_Value,Total_Investment,Return,ROI
DCA,478879.4315759459,183000.0,295879.4315759459,1.6168274949505241
Fixed Shares,1194719.16366,574696.1593010001,620023.004359,1.0788709726425365
Value Averaging,280379.36289570725,78633.40249946492,201745.96039624233,2.565652178126403
